Country,1/17/20,1/18/20,1/19/20,1/20/20,1/21/20,1/22/20,1/23/20,1/24/20,1/25/20,1/26/20,1/27/20,1/28/20,1/29/20,1/30/20,1/31/20,2/1/20,2/2/20,3-Feb-20,4-Feb-20,5-Feb-20,6-Feb-20,7-Feb-20,8-Feb-20,9-Feb-20,10-Feb-20,11-Feb-20,12-Feb-20,13-Feb-20,14-Feb-20,15-Feb-20,16-Feb-20,17-Feb-20,18-Feb-20,19-Feb-20,20-Feb-20,21-Feb-20,22-Feb-20,23-Feb-20,24-Feb-20,25-Feb-20,26-Feb-20,27-Feb-20,28-Feb-20,29-Feb-20,1-Mar-20,2-Mar-20,3-Mar-20,4-Mar-20,5-Mar-20,6-Mar-20,7-Mar-20,8-Mar-20,9-Mar-20,10-Mar-20,11-Mar-20,12-Mar-20,13-Mar-20,14-Mar-20,15-Mar-20,16-Mar-20,17-Mar-20,18-Mar-20,19-Mar-20,20-Mar-20,21-Mar-20,22-Mar-20,23-Mar-20,24-Mar-20,25-Mar-20,26-Mar-20,27-Mar-20,28-Mar-20,29-Mar-20,30-Mar-20,,,,,,
China,40,50,59,282,312,435,569,825,1287,1975,2744,4515,5974,7711,9692,11791,14380,17205,20438,24334,28018,31161,34546,37198,40171,42638,45094,59804,63861,66581,68595,70641,72531,74281,74578,75572,76397,76936,77150,77660,78064,78498,78824,79251,79826,80026,80151,80270,80422,80573,80652,80699,80736,80757,80785,80793,80809,80825,81443,80860,80881,80910,80930,80967,81014,81060,81093,81177,81218,81299,81340,81394,81439,81479,,,,,,
Korea, Rep.,,,,,1,1,1,2,2,2,4,4,4,4,11,12,15,15,16,18,23,24,24,27,27,28,28,28,28,28,29,30,31,51,105,206,433,608,843,977,1261,1766,2337,3150,3736,4335,5186,5621,6088,6593,7041,7314,7478,7513,7755,7869,7979,8086,8162,8236,8320,8413,8565,8652,8799,8897,8961,9037,9137,9241,9332,9478,9583,9661,,,,,,
Italy,,,,,,,,,,,,,,,2,2,2,2,2,2,2,3,3,3,3,3,3,3,3,3,3,3,3,3,3,19,79,157,230,326,470,655,888,1128,1694,2036,2502,3089,3858,4636,5883,7375,9172,10149,12462,15113,17660,21157,24747,27980,31506,35713,41035,47021,53578,59138,63928,69176,74386,80589,86498,92472,97689,101739,,,,,,
Iran,,,,,,,,,,,,,,,,,,,,,,,,,,,,,,,,,,2,5,18,28,43,64,95,139,270,388,593,978,1501,2336,2922,3513,4747,5823,6566,7161,8042,9000,10075,11364,12729,13938,14991,16169,17361,18407,19644,20610,21638,23049,24811,27077,29406,32332,35408,38309,41495,,,,,,
Japan,,,,,1,1,1,1,3,3,4,6,7,11,14,17,20,20,20,23,25,25,25,26,26,26,28,33,41,53,59,66,74,84,94,106,135,147,159,171,189,205,233,241,256,274,293,331,361,420,461,502,530,587,639,691,725,787,835,835,878,889,956,963,1054,1101,1128,1193,1307,1399,1468,1722,1897,1951,,,,,,
Singapore,,,,,,,,1,3,4,4,7,7,10,13,16,18,18,24,24,28,33,40,40,43,45,47,58,67,72,75,77,81,84,85,86,89,89,90,91,93,96,98,102,106,108,110,112,117,130,138,150,160,166,178,187,200,212,226,243,266,313,345,385,432,455,509,558,631,683,732,802,844,879,,,,,,
Hong Kong,,,,,,,1,2,5,5,8,8,8,10,12,13,14,13,17,18,21,24,26,26,38,42,49,53,56,56,57,60,61,63,67,69,70,74,81,85,91,93,94,95,100,100,101,105,105,108,109,115,115,121,129,131,137,142,149,155,168,193,208,256,274,317,356,386,410,453,519,560,641,682,,,,,,
Germany,,,,,,,,,,,,1,4,4,5,7,8,12,12,12,12,13,14,14,14,14,16,16,16,16,16,16,16,16,16,16,16,16,16,18,21,45,60,83,129,165,196,349,545,714,893,1067,1224,1574,1908,2745,3951,4950,5813,7272,10203,12327,15320,22267,25466,28624,31500,36114,41266,47592,52740,57847,62100,65390,,,,,,
United States,,,,,,,1,1,2,2,5,5,5,5,6,7,8,11,11,11,12,12,12,12,12,13,13,15,15,15,15,15,15,15,15,27,35,35,53,57,60,60,62,68,73,100,118,154,221,272,421,534,624,974,1238,1650,2269,2831,3621,4534,6194,8900,13671,18839,25433,33326,43484,53608,65314,82261,101159,121132,139217,158550,,,,,,
France,,,,,,,,,3,3,3,3,4,5,6,6,6,6,6,6,6,6,11,11,11,11,11,11,11,12,12,12,12,12,12,12,12,12,12,14,18,38,57,100,130,191,212,285,423,653,949,1126,1412,1784,2281,2876,3661,4499,5423,6650,7730,9105,10995,12459,14459,16018,19856,22622,25233,29551,32964,37575,40174,44550,,,,,,
Kuwait,,,,,,,,,,,,,,,,,,,,,,,,,,,,,,,,,,,,,,,5,9,26,43,45,45,46,56,56,56,58,58,61,64,65,69,72,80,100,104,112,123,130,142,148,159,176,188,189,191,195,208,225,235,255,255,,,,,,
Thailand,,,,,2,2,4,4,4,5,5,14,14,14,14,19,19,19,25,25,25,25,32,32,32,33,33,33,33,34,34,35,35,35,35,35,35,35,35,37,40,40,41,42,42,43,43,43,47,48,50,50,50,53,59,70,75,82,114,147,177,212,272,322,411,599,721,827,934,1045,1136,1245,1388,1388,,,,,,
Spain,,,,,,,,,,,,,,,,1,1,1,1,1,1,1,1,1,2,2,2,2,2,2,2,2,2,2,2,2,2,2,2,7,13,25,41,58,84,123,165,228,282,401,513,673,1231,1690,2281,3146,5232,6393,7948,9942,11826,13910,18077,21510,25496,28701,35136,42058,49515,57786,64285,73232,80031,85195,,,,,,
Taiwan,,,,,,1,1,1,3,3,4,7,8,8,9,10,10,10,10,11,11,16,16,17,18,18,18,18,18,18,20,22,22,23,24,26,26,28,30,31,32,32,34,39,40,41,42,42,44,45,45,45,45,47,48,49,50,53,59,67,77,100,108,135,153,169,195,216,235,252,267,283,298,298,,,,,,
Bahrain,,,,,,,,,,,,,,,,,,,,,,,,,,,,,,,,,,,,,,,1,23,33,33,38,41,47,49,49,52,55,60,85,85,109,110,195,197,210,212,214,227,241,256,278,298,310,334,377,392,419,458,466,476,499,499,,,,,,
Malaysia,,,,,,,,,,3,4,4,4,7,8,8,8,8,10,10,10,15,16,17,18,18,18,19,19,21,22,22,22,22,22,22,22,22,22,22,22,23,25,25,29,29,36,50,55,83,93,99,117,129,149,158,197,238,428,566,673,790,900,1030,1183,1306,1518,1624,1796,2031,2161,2320,2470,2626,,,,,,
Australia,,,,,,,,,,4,4,5,7,7,9,12,12,12,12,13,14,15,15,15,15,15,15,15,15,15,15,15,15,15,15,17,21,21,22,23,23,23,24,25,28,33,39,50,57,63,74,80,93,107,128,156,199,250,300,375,452,568,709,876,1072,1353,1887,2144,2431,2985,3180,3640,3980,4317,,,,,,
United Kingdom,,,,,,,,,,,,,,,,2,2,2,2,2,2,3,3,3,4,8,8,9,9,9,9,9,9,9,9,9,9,13,13,13,13,16,20,23,36,40,51,87,115,164,209,273,321,382,456,590,798,1143,1391,1551,1950,2642,3269,3983,5067,5683,6650,8077,9529,11772,14543,17089,19522,22141,,,,,,
United Arab Emirates,,,,,,,,,,,,,4,4,4,4,5,5,5,5,5,5,7,7,7,8,8,8,8,8,8,9,9,9,9,9,13,13,13,13,13,19,19,21,21,21,27,28,28,44,45,45,59,74,74,85,85,85,98,98,113,113,140,140,153,153,198,248,333,333,405,468,570,570,,,,,,
Canada,,,,,,,,,,,1,2,3,3,3,4,4,4,4,5,5,5,7,7,7,7,7,7,8,8,8,8,8,8,8,9,9,9,11,11,12,13,14,16,20,27,29,33,37,51,60,64,77,80,102,142,179,249,321,406,479,657,801,951,1329,1436,2091,2792,3367,3910,4633,5576,6280,6671,,,,,,
Vietnam,,,,,,,,2,2,2,2,2,2,2,5,6,7,8,10,10,10,12,13,14,14,15,15,16,16,16,16,16,16,16,16,16,16,16,16,16,16,16,16,16,16,16,16,16,16,17,20,30,31,34,39,44,47,53,56,61,61,75,85,91,94,113,123,134,141,153,163,174,188,188,,,,,,
Switzerland,,,,,,,,,,,,,,,,,,,,,,,,,,,,,,,,,,,,,,,,1,1,6,15,22,24,38,58,93,95,210,268,332,374,497,652,868,1139,1375,2217,2353,2742,3028,4222,5407,6863,7474,8547,9877,10897,11811,12928,14076,14829,15760,,,,,,
Sweden,,,,,,,,,,,,,,,,1,1,1,1,1,1,1,1,1,1,1,1,1,1,1,1,1,1,1,1,1,1,1,1,1,1,7,11,12,14,15,30,52,94,137,162,203,261,355,500,687,814,961,1040,1121,1191,1279,1439,1639,1770,1931,2046,2286,2526,2840,3069,3447,3700,4028,,,,,,
Macao,,,,,,,1,2,2,2,5,7,7,7,7,7,7,7,10,10,10,10,10,10,10,10,10,10,10,10,10,10,10,10,10,10,10,10,10,10,10,10,10,10,10,10,10,10,10,10,10,10,10,10,10,10,10,10,11,11,11,11,17,17,18,22,25,28,30,31,34,34,37,37,,,,,,
Iraq,,,,,,,,,,,,,,,,,,,,,,,,,,,,,,,,,,,,,,,1,5,5,7,8,13,19,26,32,35,35,40,54,60,71,71,71,83,101,101,124,133,154,164,192,208,214,233,266,316,346,382,458,506,547,547,,,,,,
Austria,,,,,,,,,,,,,,,,,,,,,,,,,,,,,,,,,,,,,,,,2,2,5,8,10,14,18,24,27,43,66,81,104,140,182,263,361,504,655,860,1018,1332,1646,2179,2649,2992,3580,4474,5283,5588,6847,7657,8188,8743,9520,,,,,,
Israel,,,,,,,,,,,,,,,,,,,,,,,,,,,,,,,,,,,,1,1,2,2,2,2,3,3,7,10,10,12,15,17,21,21,39,50,75,109,130,143,193,213,298,337,433,677,705,883,1071,1442,1930,2369,2693,3035,3619,4247,4347,,,,,,
Oman,,,,,,,,,,,,,,,,,,,,,,,,,,,,,,,,,,,,,,,2,4,4,6,6,6,6,6,12,15,16,16,16,16,18,18,18,18,19,19,22,22,22,39,48,48,52,55,66,84,99,109,131,152,167,167,,,,,,
Norway,,,,,,,,,,,,,,,,,,,,,,,,,,,,,,,,,,,,,,,,,1,4,6,15,19,25,33,59,91,127,156,176,224,374,629,795,992,1091,1250,1337,1469,1550,1790,1949,2164,2263,2621,2779,3066,3369,3755,4013,4271,4455,,,,,,
Russia,,,,,,,,,,,,,,,,2,2,2,2,2,2,2,2,2,2,2,2,2,2,2,2,2,2,2,2,2,2,2,2,2,2,3,3,3,3,3,3,3,4,13,14,17,20,20,28,34,45,59,63,93,114,147,199,253,306,367,438,495,658,840,1036,1264,1534,1836,,,,,,
Croatia,,,,,,,,,,,,,,,,,,,,,,,,,,,,,,,,,,,,,,,,1,3,3,5,6,7,8,9,10,10,11,12,12,13,15,19,27,32,38,49,57,57,81,110,130,206,254,315,382,442,495,586,657,713,790,,,,,,
Lebanon,,,,,,,,,,,,,,,,,,,,,,,,,,,,,,,,,,,,1,1,1,1,1,2,3,4,7,10,13,13,15,16,22,28,32,41,52,68,68,77,93,99,109,124,133,157,177,230,248,267,318,333,368,391,412,438,438,,,,,,
Greece,,,,,,,,,,,,,,,,,,,,,,,,,,,,,,,,,,,,,,,,,1,3,4,4,7,7,7,9,31,46,66,73,84,89,99,117,190,228,331,352,387,418,464,495,530,624,695,743,821,892,966,1061,1156,1156,,,,,,
Philippines,,,,,,,,,,,,,,1,1,1,2,2,2,3,3,3,3,3,3,3,3,3,3,3,3,3,3,3,3,3,3,3,3,3,3,3,3,3,3,3,3,3,3,5,6,10,24,33,49,52,64,111,140,142,142,202,217,230,307,380,462,552,636,707,803,1075,1418,1546,,,,,,
India,,,,,,,,,,,,,,1,1,1,2,3,3,3,3,3,3,3,3,3,3,3,3,3,5,3,3,3,3,3,3,3,3,3,3,3,3,3,3,6,6,28,30,31,34,40,47,58,64,74,82,97,112,129,129,156,194,249,332,396,499,536,657,722,887,987,1024,1209,,,,,,
Romania,,,,,,,,,,,,,,,,,,,,,,,,,,,,,,,,,,,,,,,,1,1,1,3,3,3,3,4,6,6,9,13,15,17,29,47,59,89,123,139,168,168,260,277,308,367,433,576,794,906,1029,1292,1452,1815,1952,,,,,,
Mexico,,,,,,,,,,,,,,,,,,,,,,,,,,,,,,,,,,,,,,,,,,,2,3,5,5,6,6,6,6,6,7,7,7,8,12,15,26,43,53,53,93,118,164,203,251,316,367,405,475,585,717,848,993,,,,,,
Finland,,,,,,,,,,,,,,1,1,1,1,1,1,1,1,1,1,1,1,1,1,1,1,1,1,1,1,1,1,1,1,1,1,1,2,2,2,3,6,7,7,7,12,15,19,24,33,40,65,109,155,225,244,278,322,336,400,450,523,626,700,792,880,958,1041,1167,1240,1352,,,,,,
Georgia,,,,,,,,,,,,,,,,,,,,,,,,,,,,,,,,,,,,,,,,,1,1,2,3,3,3,3,3,9,9,13,13,15,23,24,25,25,30,33,33,33,38,40,44,49,54,61,70,75,79,83,90,91,91,,,,,,
Pakistan,,,,,,,,,,,,,,,,,,,,,,,,,,,,,,,,,,,,,,,,,2,2,2,4,4,4,5,5,5,6,6,7,16,19,19,21,28,31,53,184,184,299,454,501,734,776,875,972,1063,1179,1331,1500,1597,1650,,,,,,
Denmark,,,,,,,,,,,,,,,,,,,,,,,,,,,,,,,,,,,,,,,,,,1,2,3,4,4,10,15,20,23,27,35,90,264,516,674,801,836,864,914,1024,1115,1206,1255,1326,1395,1450,1591,1724,1877,2046,2201,2395,2555,,,,,,
Netherlands,,,,,,,,,,,,,,,,,,,,,,,,,,,,,,,,,,,,,,,,,,1,2,7,10,18,24,39,82,128,188,265,321,382,503,614,804,959,1135,1414,1705,2056,2460,2994,3656,4204,4749,5560,6412,7431,8603,9762,10866,11750,,,,,,
Nepal,,,,,,,,,1,1,1,1,1,1,1,1,1,1,1,1,1,1,1,1,1,1,1,1,1,1,1,1,1,1,1,1,1,1,1,1,1,1,1,1,1,1,1,1,1,1,1,1,1,1,1,1,1,1,1,1,1,1,1,1,1,1,2,2,3,3,4,5,5,5,,,,,,
Cambodia,,,,,,,,,,,,1,1,1,1,1,1,1,1,1,1,1,1,1,1,1,1,1,1,1,1,1,1,1,1,1,1,1,1,1,1,1,1,1,1,1,1,1,1,1,1,2,2,3,3,5,5,5,12,12,12,35,37,51,53,84,87,91,96,96,99,99,103,103,,,,,,
Portugal,,,,,,,,,,,,,,,,,,,,,,,,,,,,,,,,,,,,,,,,,,,,,,2,4,5,9,13,21,30,39,41,61,78,112,169,245,331,448,642,786,1020,1280,1600,2060,2362,2995,3544,4268,5170,5962,6408,,,,,,
Sri Lanka,,,,,,,,,,,,1,1,1,1,1,1,1,1,1,1,1,1,1,1,1,1,1,1,1,1,1,1,1,1,1,1,1,1,1,1,1,1,1,1,1,1,1,1,1,1,1,1,1,2,3,6,10,18,28,28,51,60,73,77,82,97,102,102,106,106,113,117,117,,,,,,
Belgium,,,,,,,,,,,,,,,,,,,1,1,1,1,1,1,1,1,1,1,1,1,1,1,1,1,1,1,1,1,1,1,1,1,1,1,4,8,15,26,50,109,169,200,239,267,314,399,559,689,886,1058,1243,1486,1795,2257,2815,3401,3743,4269,4937,6235,7284,9134,10836,11899,,,,,,
Egypt, Arab Rep.,,,,,,,,,,,,,,,,,,,,,,,,,,,,,1,1,1,1,1,1,1,1,1,1,1,1,1,1,1,1,1,2,2,2,3,15,48,49,55,59,67,80,93,109,126,150,150,196,256,285,294,327,366,402,456,495,536,576,609,609,,,,,,
Afghanistan,,,,,,,,,,,,,,,,,,,,,,,,,,,,,,,,,,,,,,,1,1,1,1,1,1,1,1,1,1,1,1,4,4,4,5,7,7,7,11,16,21,21,22,22,24,24,40,40,74,84,94,110,110,120,120,,,,,,
North Macedonia,,,,,,,,,,,,,,,,,,,,,,,,,,,,,,,,,,,,,,,,,1,1,1,1,1,1,1,1,1,3,3,3,4,7,7,9,14,14,19,19,19,35,50,76,85,115,136,148,177,201,219,241,259,259,,,,,,
Brazil,,,,,,,,,,,,,,,,,,,,,,,,,,,,,,,,,,,,,,,,,1,1,1,2,2,2,2,4,8,13,19,25,30,34,52,75,121,121,121,234,346,394,635,904,1128,1546,1924,2247,2433,2915,3417,3904,4256,4316,,,!,,,
Estonia,,,,,,,,,,,,,,,,,,,,,,,,,,,,,,,,,,,,,,,,,,1,1,1,1,1,2,2,5,10,10,10,10,13,16,27,79,115,171,205,205,258,267,283,306,326,352,369,404,538,575,645,679,679,,,,,,
Luxembourg,,,,,,,,,,,,,,,,,,,,,,,,,,,,,,,,,,,,,,,,,,,,1,1,1,1,1,2,3,3,5,5,7,7,26,34,51,77,81,81,203,335,484,670,798,875,1099,1333,1453,1605,1831,1950,1988,,,,,,
Ecuador,,,,,,,,,,,,,,,,,,,,,,,,,,,,,,,,,,,,,,,,,,,,1,1,6,7,10,13,13,14,14,15,15,15,17,19,28,37,58,58,111,260,367,506,789,981,1049,1173,1382,1595,1823,1890,1924,,,,,,
Ireland,,,,,,,,,,,,,,,,,,,,,,,,,,,,,,,,,,,,,,,,,,,,1,1,1,2,6,13,18,19,21,24,34,43,70,90,129,170,170,170,292,557,683,785,906,1125,1329,1564,1819,2121,2415,2615,2615,,,,,,
San Marino,,,,,,,,,,,,,,,,,,,,,,,,,,,,,,,,,,,,,,,,,,,1,1,1,8,10,15,21,23,26,36,51,62,69,72,80,101,109,109,109,119,144,144,160,175,187,187,208,208,223,224,224,224,,,,,,
New Zealand,,,,,,,,,,,,,,,,,,,,,,,,,,,,,,,,,,,,,,,,,,,1,1,1,1,1,3,4,4,5,5,5,5,5,5,5,5,8,8,8,20,28,39,52,66,102,155,205,283,368,451,514,514,,,,,,
Lithuania,,,,,,,,,,,,,,,,,,,,,,,,,,,,,,,,,,,,,,,,,,,1,1,1,1,1,1,1,1,1,1,1,1,1,3,6,9,12,17,17,27,41,63,99,129,179,209,274,299,358,394,460,460,,,,,,
Belarus,,,,,,,,,,,,,,,,,,,,,,,,,,,,,,,,,,,,,,,,,,,1,1,1,1,2,6,6,6,6,6,6,9,9,21,27,27,27,36,36,51,51,69,76,76,81,81,86,86,94,94,94,94,,,,,,
Azerbaijan,,,,,,,,,,,,,,,,,,,,,,,,,,,,,,,,,,,,,,,,,,,1,3,3,3,3,3,6,9,9,9,9,11,11,15,15,19,23,25,25,28,44,44,53,65,72,87,93,122,165,182,209,209,,,,,,
Monaco,,,,,,,,,,,,,,,,,,,,,,,,,,,,,,,,,,,,,,,,,,,,1,1,1,1,1,1,1,1,1,1,1,1,1,1,1,2,6,6,7,10,11,18,23,23,23,31,33,42,42,43,43,,,,,,
Iceland,,,,,,,,,,,,,,,,,,,,,,,,,,,,,,,,,,,,,,,,,,,1,1,1,6,11,26,35,45,50,58,65,81,90,109,134,156,175,198,198,250,330,409,473,568,588,648,737,802,890,963,1020,1020,,,,,,
Czech Republic,,,,,,,,,,,,,,,,,,,,,,,,,,,,,,,,,,,,,,,,,,,,,3,3,5,8,12,19,26,32,38,61,94,112,141,189,253,344,344,464,694,833,995,1120,1236,1394,1654,1925,2279,2631,2775,2878,,,,,,
Nigeria,,,,,,,,,,,,,,,,,,,,,,,,,,,,,,,,,,,,,,,,,,,1,1,1,1,1,1,1,1,1,1,2,2,2,2,2,2,2,2,2,8,12,12,22,30,40,44,46,65,70,89,97,97,,,,,,
Qatar,,,,,,,,,,,,,,,,,,,,,,,,,,,,,,,,,,,,,,,,,,,,1,3,7,8,8,8,11,12,15,18,24,262,262,320,337,401,439,442,452,460,470,481,494,501,526,537,549,562,590,634,634,,,,,,
Armenia,,,,,,,,,,,,,,,,,,,,,,,,,,,,,,,,,,,,,,,,,,,,,1,1,1,1,1,1,1,1,1,1,1,6,6,20,26,45,45,84,122,136,160,194,235,249,265,290,329,407,424,424,,,,,,
Tunisia,,,,,,,,,,,,,,,,,,,,,,,,,,,,,,,,,,,,,,,,,,,,,,1,1,1,1,1,1,2,5,6,7,13,16,18,20,20,20,29,39,54,60,75,89,114,173,197,227,278,312,312,,,,,,
Senegal,,,,,,,,,,,,,,,,,,,,,,,,,,,,,,,,,,,,,,,,,,,,,,1,2,4,4,4,4,4,4,4,4,10,10,10,24,24,24,31,36,38,56,67,79,86,99,105,119,130,142,142,,,,,,
Jamaica,,,,,,,,,,,,,,,,,,,,,,,,,,,,,,,,,,,,,,,,,,,,,,,,,,,,,,1,1,2,8,8,10,15,15,15,15,16,19,19,19,21,25,26,26,30,32,32,,,,,,
Dominican Republic,,,,,,,,,,,,,,,,,,,,,,,,,,,,,,,,,,,,,,,,,,,,,1,1,1,1,1,2,2,5,6,6,6,6,6,11,11,21,21,21,34,72,112,202,245,312,392,488,581,719,859,859,,,,,,
Jordan,,,,,,,,,,,,,,,,,,,,,,,,,,,,,,,,,,,,,,,,,,,,,,1,1,1,1,1,1,1,1,1,1,1,1,1,10,29,29,52,69,85,100,112,127,154,172,212,235,246,259,259,,,,,,
Latvia,,,,,,,,,,,,,,,,,,,,,,,,,,,,,,,,,,,,,,,,,,,,,,1,1,1,1,1,1,3,6,8,10,16,17,26,30,34,34,71,86,111,124,139,180,197,221,244,280,305,347,347,,,,,,
Andorra,,,,,,,,,,,,,,,,,,,,,,,,,,,,,,,,,,,,,,,,,,,,,,1,1,1,1,1,1,1,1,1,1,1,1,1,5,14,14,39,74,75,88,113,133,164,188,224,267,308,334,334,,,,,,
Morocco,,,,,,,,,,,,,,,,,,,,,,,,,,,,,,,,,,,,,,,,,,,,,,1,1,1,2,2,2,3,3,3,5,6,7,17,28,29,29,49,63,77,96,115,143,170,225,275,345,390,479,479,,,,,,
Liechtenstein,,,,,,,,,,,,,,,,,,,,,,,,,,,,,,,,,,,,,,,,,,,,,,,1,1,1,1,1,1,1,1,1,4,4,4,7,7,7,28,28,28,37,37,51,51,51,56,56,56,56,56,,,,,,
Chile,,,,,,,,,,,,,,,,,,,,,,,,,,,,,,,,,,,,,,,,,,,,,,,1,2,4,5,7,9,13,17,23,33,43,61,75,156,156,238,342,434,537,632,746,922,1142,1306,1610,1909,2139,2449,,,,,,
Argentina,,,,,,,,,,,,,,,,,,,,,,,,,,,,,,,,,,,,,,,,,,,,,,,1,1,1,8,9,12,12,12,12,30,30,30,45,56,56,79,97,128,158,225,266,301,387,502,589,690,745,745,,,,,,
Ukraine,,,,,,,,,,,,,,,,,,,,,,,,,,,,,,,,,,,,,,,,,,,,,,,1,1,1,1,1,1,1,1,1,3,3,3,3,7,7,14,21,41,47,73,73,97,145,196,310,356,418,418,,,,,,
Saudi Arabia,,,,,,,,,,,,,,,,,,,,,,,,,,,,,,,,,,,,,,,,,,,,,,1,1,2,5,5,7,11,20,20,21,45,86,103,118,133,150,171,274,344,392,511,562,767,900,1012,1104,1203,1299,1453,,,,,,
Poland,,,,,,,,,,,,,,,,,,,,,,,,,,,,,,,,,,,,,,,,,,,,,,,,1,1,5,6,11,17,22,33,51,69,103,125,177,200,251,349,425,536,634,749,901,1051,1221,1389,1638,1862,1984,,,,,,
Bangladesh,,,,,,,,,,,,,,,,,,,,,,,,,,,,,,,,,,,,,,,,,,,,,,,,,,,,3,3,3,3,3,3,5,5,8,8,14,18,20,24,27,33,39,39,44,48,48,48,48,,,,,,
Algeria,,,,,,,,,,,,,,,,,,,,,,,,,,,,,,,,,,,,,,,,1,1,1,1,1,1,3,8,17,17,17,19,20,20,20,20,26,26,37,48,60,60,74,90,94,139,201,230,264,302,367,409,454,511,511,,,,,,
Slovenia,,,,,,,,,,,,,,,,,,,,,,,,,,,,,,,,,,,,,,,,,,,,,,,,1,6,8,12,16,25,34,57,96,141,181,219,253,253,275,319,341,383,414,442,480,528,562,632,684,730,730,,,,,,
Hungary,,,,,,,,,,,,,,,,,,,,,,,,,,,,,,,,,,,,,,,,,,,,,,,,2,4,4,5,7,9,12,13,16,19,30,32,39,39,58,73,85,103,131,167,187,226,261,300,343,408,408,,,,,,
Bosnia and Herzegovina,,,,,,,,,,,,,,,,,,,,,,,,,,,,,,,,,,,,,,,,,,,,,,,,,2,3,3,3,5,5,5,11,18,18,24,25,25,38,64,89,93,126,132,166,176,189,232,258,323,323,,,,,,
Palestine,,,,,,,,,,,,,,,,,,,,,,,,,,,,,,,,,,,,,,,,,,,,,,,,,4,16,22,22,25,29,30,31,35,38,38,39,39,39,39,48,53,59,59,60,71,84,91,98,108,108,,,,,,
South Africa,,,,,,,,,,,,,,,,,,,,,,,,,,,,,,,,,,,,,,,,,,,,,,,,,1,1,1,3,7,7,13,17,24,38,61,64,64,116,150,202,240,274,402,554,709,927,1170,1187,1280,1280,,,,,,
Vatican City,,,,,,,,,,,,,,,,,,,,,,,,,,,,,,,,,,,,,,,,,,,,,,,,,,1,1,1,1,1,1,1,1,1,1,1,1,1,1,1,1,1,1,4,4,4,4,6,6,6,,,,,,
Serbia,,,,,,,,,,,,,,,,,,,,,,,,,,,,,,,,,,,,,,,,,,,,,,,,,,1,1,1,2,5,12,24,35,46,48,57,57,83,103,135,171,222,249,303,384,457,528,659,741,741,,,,,,
Gibraltar,,,,,,,,,,,,,,,,,,,,,,,,,,,,,,,,,,,,,,,,,,,,,,,,,,1,1,1,1,1,1,1,1,1,1,3,3,8,10,10,10,15,15,15,26,35,55,56,65,65,,,,,,
Costa Rica,,,,,,,,,,,,,,,,,,,,,,,,,,,,,,,,,,,,,,,,,,,,,,,,,,1,1,5,9,13,22,23,23,26,35,35,35,50,87,113,117,134,158,177,201,231,263,295,314,314,,,,,,
Cameroon,,,,,,,,,,,,,,,,,,,,,,,,,,,,,,,,,,,,,,,,,,,,,,,,,,2,2,2,2,2,2,2,2,2,2,4,4,10,13,20,40,40,56,66,75,75,91,91,91,91,,,,,,
Bhutan,,,,,,,,,,,,,,,,,,,,,,,,,,,,,,,,,,,,,,,,,,,,,,,,,,1,1,1,1,1,1,1,1,1,1,1,1,1,1,2,2,2,2,2,2,2,3,3,4,4,,,,,,
Togo,,,,,,,,,,,,,,,,,,,,,,,,,,,,,,,,,,,,,,,,,,,,,,,,,,1,1,1,1,1,1,1,1,1,1,1,1,1,1,9,16,16,18,20,23,23,25,25,25,25,,,,,,
Peru,,,,,,,,,,,,,,,,,,,,,,,,,,,,,,,,,,,,,,,,,,,,,,,,,,1,1,6,9,11,15,22,28,43,71,86,86,145,234,263,318,363,395,416,480,580,635,671,852,852,,,,,,
Slovakia,,,,,,,,,,,,,,,,,,,,,,,,,,,,,,,,,,,,,,,,,,,,,,,,,,1,1,5,7,7,10,21,32,44,61,72,72,105,124,137,178,185,186,204,216,226,269,292,314,314,,,,,,
Colombia,,,,,,,,,,,,,,,,,,,,,,,,,,,,,,,,,,,,,,,,,,,,,,,,,,1,1,1,3,3,9,9,13,22,34,54,54,93,108,145,196,231,277,306,470,491,539,608,702,702,,,,,,
Paraguay,,,,,,,,,,,,,,,,,,,,,,,,,,,,,,,,,,,,,,,,,,,,,,,,,,,1,1,1,2,5,5,5,7,7,8,8,11,11,13,13,22,22,27,37,41,52,56,56,56,,,,,,
Moldova,,,,,,,,,,,,,,,,,,,,,,,,,,,,,,,,,,,,,,,,,,,,,,,,,,,1,1,1,3,3,6,6,12,23,29,29,30,49,66,80,94,109,125,149,177,199,231,263,263,,,,,,
Maldives,,,,,,,,,,,,,,,,,,,,,,,,,,,,,,,,,,,,,,,,,,,,,,,,,,,2,2,6,6,8,8,9,10,13,13,13,13,13,13,13,13,13,13,13,13,16,16,17,17,,,,,,
Faeroe Islands,,,,,,,,,,,,,,,,,,,,,,,,,,,,,,,,,,,,,,,,,,,,,,,,,,,2,2,2,2,2,2,3,9,11,18,18,72,72,80,92,115,118,122,132,140,144,155,159,159,,,,,,
Malta,,,,,,,,,,,,,,,,,,,,,,,,,,,,,,,,,,,,,,,,,,,,,,,,,,,3,3,4,5,6,9,12,18,21,30,30,38,53,64,73,90,107,110,129,134,139,149,151,151,,,,,,
Isle of man,,,,,,,,,,,,,,,,,,,,,,,,,,,,,,,,,,,,,,,,,,,,,,,,,,,,,,,,,,,,,,,,2,2,5,13,23,23,25,29,32,42,42,,,,,,
French Guiana,,,,,,,,,,,,,,,,,,,,,,,,,,,,,,,,,,,,,,,,,,,,,,,,,,,5,5,5,5,5,6,6,7,7,11,11,15,15,15,18,18,20,23,28,28,28,28,28,28,,,,,,
Bulgaria,,,,,,,,,,,,,,,,,,,,,,,,,,,,,,,,,,,,,,,,,,,,,,,,,,,2,4,4,6,7,23,23,41,51,62,62,92,107,127,163,187,201,218,242,264,293,331,346,346,,,,,,
St. Barth,,,,,,,,,,,,,,,,,,,,,,,,,,,,,,,,,,,,,,,,,,,,,,,,,,,,,1,1,1,1,1,1,1,3,3,3,3,3,3,3,3,3,3,3,5,5,5,5,,,,,,
Martinique,,,,,,,,,,,,,,,,,,,,,,,,,,,,,,,,,,,,,,,,,,,,,,,,,,,,,2,2,2,3,3,10,10,15,15,19,23,32,32,37,53,57,66,66,81,93,93,93,,,,,,
Saint Martin,,,,,,,,,,,,,,,,,,,,,,,,,,,,,,,,,,,,,,,,,,,,,,,,,,,,,2,2,2,2,2,2,2,2,2,3,3,4,4,5,8,8,11,11,11,11,11,11,,,,,,
Indonesia,,,,,,,,,,,,,,,,,,,,,,,,,,,,,,,,,,,,,,,,,,,,,,2,2,2,2,2,2,4,19,27,34,34,69,96,117,134,172,227,311,369,450,514,579,686,790,893,1046,1155,1285,1414,,,,,,
Albania,,,,,,,,,,,,,,,,,,,,,,,,,,,,,,,,,,,,,,,,,,,,,,,,,,,,,6,10,15,23,33,38,42,51,51,59,64,70,76,89,104,123,146,174,186,197,212,212,,,,,,
Channel Islands,,,,,,,,,,,,,,,,,,,,,,,,,,,,,,,,,,,,,,,,,,,,,,,,,,,,,1,2,2,3,3,3,3,6,6,7,11,12,32,32,36,36,46,66,88,97,108,108,,,,,,
Cyprus,,,,,,,,,,,,,,,,,,,,,,,,,,,,,,,,,,,,,,,,,,,,,,,,,,,,,2,3,6,10,14,21,33,46,46,49,67,75,84,95,116,124,132,146,162,179,214,214,,,,,,
Mauritius,,,,,,,,,,,,,,,,,,,,,,,,,,,,,,,,,,,,,,,,,,,,,,,,,,,,,,,,,,,,,,3,7,12,14,28,36,42,48,81,94,102,107,107,,,,,,
DRC,,,,,,,,,,,,,,,,,,,,,,,,,,,,,,,,,,,,,,,,,,,,,,,,,,,,,,1,1,1,2,2,2,2,2,14,14,18,23,30,36,45,48,51,51,65,65,65,,,,,,
Burkina Faso,,,,,,,,,,,,,,,,,,,,,,,,,,,,,,,,,,,,,,,,,,,,,,,,,,,,,1,2,2,2,2,2,3,15,15,20,33,40,64,75,99,114,146,152,180,207,222,222,,,,,,
Mongolia,,,,,,,,,,,,,,,,,,,,,,,,,,,,,,,,,,,,,,,,,,,,,,,,,,,,,,1,1,1,1,1,1,1,1,6,6,6,10,10,10,10,10,11,11,12,12,12,,,,,,
Turkey,,,,,,,,,,,,,,,,,,,,,,,,,,,,,,,,,,,,,,,,,,,,,,,,,,,,,1,6,1,1,5,5,6,18,18,98,359,670,947,1236,1529,1892,2433,3629,5698,7402,9217,10827,,,,,,
Ivory Coast,,,,,,,,,,,,,,,,,,,,,,,,,,,,,,,,,,,,,,,,,,,,,,,,,,,,,,,1,1,1,1,4,4,4,6,9,9,14,14,25,73,80,96,101,101,165,165,,,,,,
Honduras,,,,,,,,,,,,,,,,,,,,,,,,,,,,,,,,,,,,,,,,,,,,,,,,,,,,,,,2,2,2,3,3,6,6,9,12,24,24,26,27,30,36,52,68,95,110,110,,,,,,
Bolivia,,,,,,,,,,,,,,,,,,,,,,,,,,,,,,,,,,,,,,,,,,,,,,,,,,,,,,,1,3,3,3,10,11,11,12,15,16,19,24,27,29,32,43,61,74,81,81,,,,,,
Panama,,,,,,,,,,,,,,,,,,,,,,,,,,,,,,,,,,,,,,,,,,,,,,,,,,,,,,1,8,14,27,36,43,55,55,86,109,137,200,245,313,345,443,558,674,786,901,901,,,,,,
Réunion,,,,,,,,,,,,,,,,,,,,,,,,,,,,,,,,,,,,,,,,,,,,,,,,,,,,,,,1,4,5,6,7,9,9,14,28,28,45,47,71,94,111,135,145,183,183,183,,,,,,
Brunei,,,,,,,,,,,,,,,,,,,,,,,,,,,,,,,,,,,,,,,,,,,,,,,,,,,,,1,6,11,25,37,40,50,54,54,68,73,78,83,88,91,104,109,114,115,120,126,126,,,,,,
St. Vincent Grenadines,,,,,,,,,,,,,,,,,,,,,,,,,,,,,,,,,,,,,,,,,,,,,,,,,,,,,,,,1,1,1,1,1,1,1,1,1,1,1,1,1,1,1,1,1,1,1,,,,,,
Ghana,,,,,,,,,,,,,,,,,,,,,,,,,,,,,,,,,,,,,,,,,,,,,,,,,,,,,,,,,1,1,6,6,6,7,11,16,21,23,27,53,93,132,137,141,152,152,,,,,,
Kenya,,,,,,,,,,,,,,,,,,,,,,,,,,,,,,,,,,,,,,,,,,,,,,,,,,,,,,,,,1,1,3,3,3,3,7,7,7,15,16,25,28,31,31,38,42,42,,,,,,
Guadeloupe,,,,,,,,,,,,,,,,,,,,,,,,,,,,,,,,,,,,,,,,,,,,,,,,,,,,,,,,,1,3,3,6,6,33,33,45,51,56,62,62,73,73,73,102,102,102,,,,,,
Cuba,,,,,,,,,,,,,,,,,,,,,,,,,,,,,,,,,,,,,,,,,,,,,,,,,,,,,,,,3,4,4,4,4,4,7,11,16,21,35,40,48,57,67,80,119,139,139,,,,,,
Gabon,,,,,,,,,,,,,,,,,,,,,,,,,,,,,,,,,,,,,,,,,,,,,,,,,,,,,,,,,1,1,1,1,1,1,3,3,5,5,5,6,6,7,7,7,7,7,,,,,,
Guinea,,,,,,,,,,,,,,,,,,,,,,,,,,,,,,,,,,,,,,,,,,,,,,,,,,,,,,,,,1,1,1,1,1,1,1,1,2,2,4,4,4,4,8,8,16,16,,,,,,
Ethiopia,,,,,,,,,,,,,,,,,,,,,,,,,,,,,,,,,,,,,,,,,,,,,,,,,,,,,,,,,1,1,4,5,5,6,7,9,9,11,11,12,12,12,16,16,19,19,,,,,,
Cayman Islands,,,,,,,,,,,,,,,,,,,,,,,,,,,,,,,,,,,,,,,,,,,,,,,,,,,,,,,,,1,1,1,1,1,1,3,3,3,3,5,6,8,8,8,8,8,8,,,,,,
Antigua and Barbuda,,,,,,,,,,,,,,,,,,,,,,,,,,,,,,,,,,,,,,,,,,,,,,,,,,,,,,,,,1,1,1,1,1,1,1,1,1,1,3,3,3,3,7,7,7,7,,,,,,
Sudan,,,,,,,,,,,,,,,,,,,,,,,,,,,,,,,,,,,,,,,,,,,,,,,,,,,,,,,,,1,1,1,1,1,2,2,2,2,2,2,3,3,3,3,5,6,6,,,,,,
Venezuela,,,,,,,,,,,,,,,,,,,,,,,,,,,,,,,,,,,,,,,,,,,,,,,,,,,,,,,,,2,2,10,17,17,36,42,42,70,70,77,84,91,107,107,119,119,119,,,,,,
French Polynesia,,,,,,,,,,,,,,,,,,,,,,,,,,,,,,,,,,,,,,,,,,,,,,,,,,,,,,,,1,3,3,3,3,3,6,6,11,15,15,18,25,25,30,30,30,30,30,,,,,,
Kazakhstan,,,,,,,,,,,,,,,,,,,,,,,,,,,,,,,,,,,,,,,,,,,,,,,,,,,,,,,,,4,6,9,10,10,35,44,52,54,59,62,72,81,111,150,228,284,284,,,,,,
Guyana,,,,,,,,,,,,,,,,,,,,,,,,,,,,,,,,,,,,,,,,,,,,,,,,,,,,,,,,,1,1,4,5,5,5,5,5,5,18,20,23,23,23,23,23,23,23,,,,,,
U.S. Virgin Islands,,,,,,,,,,,,,,,,,,,,,,,,,,,,,,,,,,,,,,,,,,,,,,,,,,,,,,,,,,1,1,1,1,2,3,3,6,6,17,17,17,17,17,17,17,17,,,,,,
Eswatini,,,,,,,,,,,,,,,,,,,,,,,,,,,,,,,,,,,,,,,,,,,,,,,,,,,,,,,,,,1,1,1,1,1,1,1,1,4,4,4,4,6,9,9,9,9,,,,,,
Suriname,,,,,,,,,,,,,,,,,,,,,,,,,,,,,,,,,,,,,,,,,,,,,,,,,,,,,,,,,,1,1,1,1,1,1,4,5,5,5,5,8,8,8,8,8,8,,,,,,
Saint Lucia,,,,,,,,,,,,,,,,,,,,,,,,,,,,,,,,,,,,,,,,,,,,,,,,,,,,,,,,,,1,2,2,2,2,2,2,2,2,3,3,3,3,3,3,4,4,,,,,,
Rwanda,,,,,,,,,,,,,,,,,,,,,,,,,,,,,,,,,,,,,,,,,,,,,,,,,,,,,,,,,,1,1,5,5,8,11,17,17,19,36,40,41,41,54,60,60,60,,,,,,
Mayotte,,,,,,,,,,,,,,,,,,,,,,,,,,,,,,,,,,,,,,,,,,,,,,,,,,,,,,,,,,1,1,1,1,3,3,3,7,11,24,36,36,36,50,63,63,63,,,,,,
Namibia,,,,,,,,,,,,,,,,,,,,,,,,,,,,,,,,,,,,,,,,,,,,,,,,,,,,,,,,,,2,2,2,2,2,3,3,3,3,4,7,7,8,8,8,11,11,,,,,,
Trinidad and Tobago,,,,,,,,,,,,,,,,,,,,,,,,,,,,,,,,,,,,,,,,,,,,,,,,,,,,,,,,,1,2,2,4,4,7,9,9,49,50,51,51,60,65,66,74,76,76,,,,,,
Mauritania,,,,,,,,,,,,,,,,,,,,,,,,,,,,,,,,,,,,,,,,,,,,,,,,,,,,,,,,,,,1,1,1,1,2,2,2,2,2,2,2,3,3,5,5,5,,,,,,
Guatemala,,,,,,,,,,,,,,,,,,,,,,,,,,,,,,,,,,,,,,,,,,,,,,,,,,,,,,,,,,,1,8,8,8,9,12,17,19,20,21,24,24,28,34,34,34,,,,,,
Equatorial Guinea,,,,,,,,,,,,,,,,,,,,,,,,,,,,,,,,,,,,,,,,,,,,,,,,,,,,,,,,,,,1,1,1,4,6,6,6,6,9,9,9,12,12,12,12,12,,,,,,
Congo,,,,,,,,,,,,,,,,,,,,,,,,,,,,,,,,,,,,,,,,,,,,,,,,,,,,,,,,,,,1,1,1,1,3,3,3,3,3,3,4,4,4,4,19,19,,,,,,
CAR,,,,,,,,,,,,,,,,,,,,,,,,,,,,,,,,,,,,,,,,,,,,,,,,,,,,,,,,,,,1,1,1,1,1,3,3,3,3,3,3,3,3,3,3,3,,,,,,
Bahamas,,,,,,,,,,,,,,,,,,,,,,,,,,,,,,,,,,,,,,,,,,,,,,,,,,,,,,,,,,,1,1,1,1,3,4,4,4,4,4,5,5,9,10,11,11,,,,,,
Barbados,,,,,,,,,,,,,,,,,,,,,,,,,,,,,,,,,,,,,,,,,,,,,,,,,,,,,,,,,,,1,1,1,2,5,5,6,14,17,18,18,18,24,26,26,26,,,?,,,
Curaçao,,,,,,,,,,,,,,,,,,,,,,,,,,,,,,,,,,,,,,,,,,,,,,,,,,,,,,,,,,,2,2,2,2,3,3,3,3,4,6,6,6,8,8,8,8,,,,,,
Aruba,,,,,,,,,,,,,,,,,,,,,,,,,,,,,,,,,,,,,,,,,,,,,,,,,,,,,,,,,,,2,2,2,2,5,5,5,8,9,12,17,19,28,46,50,50,,,,,,
Seychelles,,,,,,,,,,,,,,,,,,,,,,,,,,,,,,,,,,,,,,,,,,,,,,,,,,,,,,,,,,,2,3,3,4,6,7,7,7,7,7,7,7,7,8,8,8,,,,,,
Guam,,,,,,,,,,,,,,,,,,,,,,,,,,,,,,,,,,,,,,,,,,,,,,,,,,,,,,,,,,,2,3,3,12,12,14,15,27,29,32,32,32,32,32,32,32,,,,,,
Puerto Rico,,,,,,,,,,,,,,,,,,,,,,,,,,,,,,,,,,,,,,,,,,,,,,,,,,,,,,,,,,,4,5,5,6,6,14,21,23,31,39,39,39,39,39,39,39,,,,,,
Uruguay,,,,,,,,,,,,,,,,,,,,,,,,,,,,,,,,,,,,,,,,,,,,,,,,,,,,,,,,,,,6,6,6,50,79,94,110,13,158,162,189,217,238,274,304,304,,,,,,
Tanzania,,,,,,,,,,,,,,,,,,,,,,,,,,,,,,,,,,,,,,,,,,,,,,,,,,,,,,,,,,,,1,1,3,6,6,6,12,12,12,12,13,13,14,14,14,,,,,,
Somalia,,,,,,,,,,,,,,,,,,,,,,,,,,,,,,,,,,,,,,,,,,,,,,,,,,,,,,,,,,,,1,1,1,1,1,1,1,1,1,1,2,3,3,3,3,,,,,,
Liberia,,,,,,,,,,,,,,,,,,,,,,,,,,,,,,,,,,,,,,,,,,,,,,,,,,,,,,,,,,,,1,1,2,2,2,3,3,3,3,3,3,3,3,3,3,,,,,,
Greenland,,,,,,,,,,,,,,,,,,,,,,,,,,,,,,,,,,,,,,,,,,,,,,,,,,,,,,,,,,,,1,1,1,2,2,2,4,4,5,6,6,10,10,10,10,,,,,,
Benin,,,,,,,,,,,,,,,,,,,,,,,,,,,,,,,,,,,,,,,,,,,,,,,,,,,,,,,,,,,,1,1,2,2,2,2,2,5,6,6,6,6,6,6,6,,,,,,
Sint Maarten,,,,,,,,,,,,,,,,,,,,,,,,,,,,,,,,,,,,,,,,,,,,,,,,,,,,,,,,,,,,,,1,1,1,1,1,2,2,3,3,3,3,6,6,,,,,,
Montserrat,,,,,,,,,,,,,,,,,,,,,,,,,,,,,,,,,,,,,,,,,,,,,,,,,,,,,,,,,,,,,,1,1,1,1,1,1,1,1,2,5,5,5,5,,,,,,
Gambia,,,,,,,,,,,,,,,,,,,,,,,,,,,,,,,,,,,,,,,,,,,,,,,,,,,,,,,,,,,,,,1,1,1,1,1,2,3,3,3,3,3,4,4,,,,,,
Djibouti,,,,,,,,,,,,,,,,,,,,,,,,,,,,,,,,,,,,,,,,,,,,,,,,,,,,,,,,,,,,,,1,1,1,1,1,3,3,11,11,12,12,18,18,,,,,,
Nicaragua,,,,,,,,,,,,,,,,,,,,,,,,,,,,,,,,,,,,,,,,,,,,,,,,,,,,,,,,,,,,,,1,1,2,2,2,2,2,2,2,2,4,4,4,,,,,,
Fiji,,,,,,,,,,,,,,,,,,,,,,,,,,,,,,,,,,,,,,,,,,,,,,,,,,,,,,,,,,,,,,1,1,1,2,2,3,4,5,5,5,5,5,5,,,,,,
El Salvador,,,,,,,,,,,,,,,,,,,,,,,,,,,,,,,,,,,,,,,,,,,,,,,,,,,,,,,,,,,,,,1,1,1,3,3,3,5,9,13,13,19,24,24,,,,,,
Zambia,,,,,,,,,,,,,,,,,,,,,,,,,,,,,,,,,,,,,,,,,,,,,,,,,,,,,,,,,,,,,,2,2,2,2,3,3,3,12,16,22,28,29,29,,,,,,
New Caledonia,,,,,,,,,,,,,,,,,,,,,,,,,,,,,,,,,,,,,,,,,,,,,,,,,,,,,,,,,,,,,,2,2,2,4,4,8,10,14,14,15,15,15,15,,,,,,
Bermuda,,,,,,,,,,,,,,,,,,,,,,,,,,,,,,,,,,,,,,,,,,,,,,,,,,,,,,,,,,,,,,2,2,2,2,2,6,6,7,7,15,17,22,22,,,,,,
Kyrgyzstan,,,,,,,,,,,,,,,,,,,,,,,,,,,,,,,,,,,,,,,,,,,,,,,,,,,,,,,,,,,,,,3,3,6,14,14,16,42,44,44,58,58,84,84,,,,,,
Montenegro,,,,,,,,,,,,,,,,,,,,,,,,,,,,,,,,,,,,,,,,,,,,,,,,,,,,,,,,,,,,,,8,13,14,16,21,27,47,52,69,82,82,85,85,,,,,,
Uzbekistan,,,,,,,,,,,,,,,,,,,,,,,,,,,,,,,,,,,,,,,,,,,,,,,,,,,,,,,,,,,,,18,23,23,33,41,43,46,50,60,75,88,104,144,144,,,,,,
Chad,,,,,,,,,,,,,,,,,,,,,,,,,,,,,,,,,,,,,,,,,,,,,,,,,,,,,,,,,,,,,,,1,1,1,1,1,3,3,3,3,3,3,3,,,,,,
Niger,,,,,,,,,,,,,,,,,,,,,,,,,,,,,,,,,,,,,,,,,,,,,,,,,,,,,,,,,,,,,,,1,1,1,2,2,3,7,10,10,10,18,18,,,,,,
Angola,,,,,,,,,,,,,,,,,,,,,,,,,,,,,,,,,,,,,,,,,,,,,,,,,,,,,,,,,,,,,,,,1,2,2,3,3,3,4,4,5,7,7,,,,,,
Cabo Verde,,,,,,,,,,,,,,,,,,,,,,,,,,,,,,,,,,,,,,,,,,,,,,,,,,,,,,,,,,,,,,,,1,3,3,3,3,4,4,5,5,6,6,,,,,,
Papua New Guinea,,,,,,,,,,,,,,,,,,,,,,,,,,,,,,,,,,,,,,,,,,,,,,,,,,,,,,,,,,,,,,,,1,1,1,1,1,1,1,1,1,1,1,,,,,,
Zimbabwe,,,,,,,,,,,,,,,,,,,,,,,,,,,,,,,,,,,,,,,,,,,,,,,,,,,,,,,,,,,,,,,,1,3,3,3,3,3,3,5,7,7,7,,,,,,
Haiti,,,,,,,,,,,,,,,,,,,,,,,,,,,,,,,,,,,,,,,,,,,,,,,,,,,,,,,,,,,,,,,,2,2,2,6,7,8,8,8,8,15,15,,,,,,
Madagascar,,,,,,,,,,,,,,,,,,,,,,,,,,,,,,,,,,,,,,,,,,,,,,,,,,,,,,,,,,,,,,,,3,3,3,12,17,19,23,26,26,39,39,,,,,,
Eritrea,,,,,,,,,,,,,,,,,,,,,,,,,,,,,,,,,,,,,,,,,,,,,,,,,,,,,,,,,,,,,,,,,1,1,1,1,4,4,6,6,12,12,,,,,,
Timor-Leste,,,,,,,,,,,,,,,,,,,,,,,,,,,,,,,,,,,,,,,,,,,,,,,,,,,,,,,,,,,,,,,,,1,1,1,1,1,1,1,1,1,1,,,,,,
Uganda,,,,,,,,,,,,,,,,,,,,,,,,,,,,,,,,,,,,,,,,,,,,,,,,,,,,,,,,,,,,,,,,,1,1,9,9,14,14,23,30,33,33,,,,,,
Dominica,,,,,,,,,,,,,,,,,,,,,,,,,,,,,,,,,,,,,,,,,,,,,,,,,,,,,,,,,,,,,,,,,,1,1,2,7,11,11,11,11,11,,,,,,
Grenada,,,,,,,,,,,,,,,,,,,,,,,,,,,,,,,,,,,,,,,,,,,,,,,,,,,,,,,,,,,,,,,,,,1,1,1,1,7,7,7,9,9,,,,,,
Mozambique,,,,,,,,,,,,,,,,,,,,,,,,,,,,,,,,,,,,,,,,,,,,,,,,,,,,,,,,,,,,,,,,,,1,1,1,5,7,7,8,8,8,,,,,,
Syria,,,,,,,,,,,,,,,,,,,,,,,,,,,,,,,,,,,,,,,,,,,,,,,,,,,,,,,,,,,,,,,,,,1,1,1,5,5,5,5,9,9,,,,,,
Belize,,,,,,,,,,,,,,,,,,,,,,,,,,,,,,,,,,,,,,,,,,,,,,,,,,,,,,,,,,,,,,,,,,,1,1,1,2,2,2,2,2,,,,,,
Turks and Caicos,,,,,,,,,,,,,,,,,,,,,,,,,,,,,,,,,,,,,,,,,,,,,,,,,,,,,,,,,,,,,,,,,,,1,1,1,2,2,4,4,4,,,,,,
Myanmar,,,,,,,,,,,,,,,,,,,,,,,,,,,,,,,,,,,,,,,,,,,,,,,,,,,,,,,,,,,,,,,,,,,2,3,3,3,8,8,10,10,,,,,,
Laos,,,,,,,,,,,,,,,,,,,,,,,,,,,,,,,,,,,,,,,,,,,,,,,,,,,,,,,,,,,,,,,,,,,,2,3,6,6,8,8,8,,,,,,
British Virgin Islands,,,,,,,,,,,,,,,,,,,,,,,,,,,,,,,,,,,,,,,,,,,,,,,,,,,,,,,,,,,,,,,,,,,,,2,2,2,2,2,2,,,,,,
Guinea-Bissau,,,,,,,,,,,,,,,,,,,,,,,,,,,,,,,,,,,,,,,,,,,,,,,,,,,,,,,,,,,,,,,,,,,,,2,2,2,2,2,2,,,,,,
Libya,,,,,,,,,,,,,,,,,,,,,,,,,,,,,,,,,,,,,,,,,,,,,,,,,,,,,,,,,,,,,,,,,,,,,1,1,1,3,8,8,,,,,,
Mali,,,,,,,,,,,,,,,,,,,,,,,,,,,,,,,,,,,,,,,,,,,,,,,,,,,,,,,,,,,,,,,,,,,,,2,4,11,18,18,18,,,,,,
Saint Kitts and Nevis,,,,,,,,,,,,,,,,,,,,,,,,,,,,,,,,,,,,,,,,,,,,,,,,,,,,,,,,,,,,,,,,,,,,,2,2,2,2,2,2,,,,,,
Anguilla,,,,,,,,,,,,,,,,,,,,,,,,,,,,,,,,,,,,,,,,,,,,,,,,,,,,,,,,,,,,,,,,,,,,,,,,2,2,2,,,,,,
,,,,,,,,,,,,,,,,,,,,,,,,,,,,,,,,,,,,,,,,,,,,,,,,,,,,,,,,,,,,,,,,,,,,,,,,,,,,,,,,
,,,,,,,,,,,,,,,,,,,,,,,,,,,,,,,,,,,,,,,,,,,,,,,,,,,,,,,,,,,,,,,,,,,,,,,,,,,,,,,,
Other (Cruise ship),,,,,,,,,,,,,,,,,,,,10,20,61,64,64,70,135,175,218,218,285,355,454,542,621,634,634,634,691,691,691,705,705,705,705,705,705,706,706,706,696,696,696,696,696,696,696,696,696,696,696,696,696,696,696,696,696,696,696,696,696,696,696,696,696,,,,,,
,,,,,,,,,,,,,,,,,,,,,,,,,,,,,,,,,,,,,,,,,,,,,,,,,,,,,,,,,,,,,,,,,,,,,,,,,,,,,,,,
,40,,,,,440,579,841,1317,2014,2798,4593,6065,7818,9826,11953,14557,17390,20648,24564,28274,31483,34899,37558,40556,43103,45612,60390,64469,67277,69377,71537,73529,75396,75779,76937,78108,78995,79591,80434,81409,82798,84184,86039,88361,90325,92882,95258,98052,101948,106106,109856,114287,118847,126043,134506,145632,156697,169824,182080,197249,216499,244618,276398,309303,340126,380607,424154,471334,532113,593236,660425,718097,769819,,,,,,
,,,,,,,,,,,,,,,,,,,,,,,,,,,,,,,,,,,,,,,,,,,,,,,,,,,,,,,,,,,,,,,,,,,,,,,,,,,,,,,,
china verschil,,,,,,39,4%,30,8%,45,0%,56,0%,53,5%,38,9%,64,5%,32,3%,29,1%,25,7%,21,7%,22,0%,19,6%,18,8%,19,1%,15,1%,11,2%,10,9%,7,7%,8,0%,6,1%,5,8%,32,6%,6,8%,4,3%,3,0%,3,0%,2,7%,2,4%,0,4%,1,3%,1,1%,0,7%,0,3%,0,7%,0,5%,0,6%,0,4%,0,5%,0,7%,0,3%,0,2%,0,1%,0,2%,0,2%,0,1%,0,1%,0,0%,0,0%,0,0%,0,0%,0,0%,0,0%,0,8%,-0,7%,0,0%,0,0%,0,0%,0,0%,0,1%,0,1%,0,2%,0,3%,0,3%,0,4%,0,5%,0,5%,0,6%,0,6%,,,,,,
,,,,,,,,,,,,,,,,,,,,,,,,,,,,,,,,,,,,,,,,,,,,,,,,,,,,,,,,,,,,,,,,,,,,,,,,,,,,,,,,
,0,,,,,5,10,16,30,39,54,78,91,107,134,162,177,185,210,230,256,322,353,360,385,465,518,586,608,696,782,896,998,1115,1201,1365,1711,2059,2441,2774,3345,4300,5360,6788,8535,10299,12731,14988,17630,21375,25454,29157,33551,38090,45258,53713,64823,75872,88381,101220,116368,135589,163688,195431,228289,259066,299514,342977,390116,450814,511896,579031,636658,688340,,,,,,
,4,,,,,5,5,6,14,9,15,24,13,16,27,28,15,8,25,20,26,66,31,7,25,80,53,68,22,88,86,114,102,117,86,164,346,348,382,333,571,955,1060,1428,1747,1764,2432,2257,2642,3745,4079,3703,4394,4539,7168,8455,11110,11049,12509,12839,15148,19221,28099,31743,32858,30777,40448,43463,47139,60698,61082,67135,57627,51682,,,,,,
,,,,,,125%,100%,120%,233%,64%,167%,160%,54%,123%,169%,104%,54%,53%,313%,80%,130%,254%,47%,23%,357%,320%,66%,128%,32%,400%,98%,133%,89%,115%,74%,191%,211%,101%,110%,87%,171%,167%,111%,135%,122%,101%,138%,93%,117%,142%,109%,91%,119%,103%,158%,118%,131%,99%,113%,103%,118%,127%,146%,113%,104%,94%,131%,107%,108%,129%,101%,110%,86%,90%,,,,,,
,,,,,,,,,,,,,,,,,,,,,,,,,,,,,,,,,,,,,,,,,,,,,,,,,,,,,,,,,,,,,,,,,,,,,,,,,,,,,,,,
,,,,,,,,,,,,,,,,,,,,,,,,,,,,,,,,,,,,,78004,,,,,,,,,,,,,,,,,,,,,,,,,,,,,,,,,,,,,,,,,,,
,,,,,,,,,,,,,,,,,,,,,,,,,,,,,,,,,,,,,,,30,34,47,50,58,63,66,75,79,82,85,95,102,103,112,116,120,120,120,120,120,120,120,121,121,122,122,122,122,122,122,122,122,122,122,122,,,,,,
,,,,,,,,,,,,,,,,,,,,,,,,,,,,,,,,,,,,,,,,,,,,,,,,,,,,,,,,,,,,,,,,,,,,,,,,,,,,,,,,
,,,,,,,,,,,,,,,,,,,,,,,,,,,,,,,,,,,,,,,,,,,,,,,,,,,,,,,,,,,,,,,,,,,,,,,,,,,,,,,,
,,,,,,,,,,,,,,,,,,,,,,,,,,,,,,,,,,,,,,,,,,,1,0,2,5,0,4,0,8,0,3,0,6,1,1,0,6,0,5,0,4,0,2,0,2,0,3,0,2,0,3,0,2,0,2,0,2,0,2,0,2,0,2,0,2,0,2,0,1,0,1,0,2,0,2,0,2,0,2,0,1,0,1,0,1,,,,,,
,,,,,,,,,,,,,,,,,,,,,,,,,,,,,,,,,,,,,,,,,,,2,3,5,1,42857142857143,1,8,1,33333333333333,1,625,2,1025641025641,1,5609756097561,1,46875,1,40957446808511,1,21132075471698,1,19003115264798,1,31675392670157,1,220675944334,1,30944625407166,1,19278606965174,1,18352450469239,1,24581497797357,1,20579915134371,1,2058651026393,1,19649805447471,1,21707317073171,1,22110888443554,1,14989059080963,1,12963843958135,1,17077279427248,1,15323741007194,1,15892077354959,1,15771766922352,1,13472044635592,1,11309157959435,1,08135468433646,,,,,,
